{"data_time": 0.16593832969665528, "time": 3.631745254993439}