{"data_time": 0.16838947534561158, "time": 3.3627036452293395}