{"data_time": 0.5107911825180054, "time": 2.4939376513163247}