{"data_time": 0.5054852167765299, "time": 2.5163831313451133}