{"data_time": 0.1855867624282837, "time": 3.8316420316696167}