{"data_time": 0.17227948904037477, "time": 2.6238179326057436}